<?xml version="1.0" encoding="UTF-8"?>
<metadata xml:lang="zh"><Esri><CreaDate>20170301</CreaDate><CreaTime>14421300</CreaTime><ArcGISFormat>1.0</ArcGISFormat><SyncOnce>FALSE</SyncOnce><DataProperties><lineage><Process ToolSource="C:\Program Files\ArcGIS\Desktop10.0\ArcToolbox\Toolboxes\Data Management Tools.tbx\DefineProjection" Date="20161012" Time="091308">DefineProjection 广东省县级行政区 GEOGCS['GCS_WGS_1984',DATUM['D_WGS_1984',SPHEROID['WGS_1984',6378137.0,298.257223563]],PRIMEM['Greenwich',0.0],UNIT['Degree',0.0174532925199433]]</Process><Process ToolSource="C:\Program Files\ArcGIS\Desktop10.0\ArcToolbox\Toolboxes\Data Management Tools.tbx\Merge" Date="20161013" Time="105603">Merge 广东省县级行政区_保留沿海县市_合并后;海南省县级行政区_不含偏远岛礁;广西省县级行政区_保留沿海县市_不含涠洲岛斜阳岛 C:\Users\zlh\Documents\ArcGIS\Default.gdb\广东省县级行政区_保留沿海县市_合并后_Merge "AREA "AREA" true true false 19 Double 15 18 ,First,#,广东省县级行政区_保留沿海县市_合并后,AREA,-1,-1,海南省县级行政区_不含偏远岛礁,AREA,-1,-1,广西省县级行政区_保留沿海县市_不含涠洲岛斜阳岛,AREA,-1,-1;PERIMETER "PERIMETER" true true false 19 Double 15 18 ,First,#,广东省县级行政区_保留沿海县市_合并后,PERIMETER,-1,-1,海南省县级行政区_不含偏远岛礁,PERIMETER,-1,-1,广西省县级行政区_保留沿海县市_不含涠洲岛斜阳岛,PERIMETER,-1,-1;BOUNT_ "BOUNT_" true true false 11 Double 0 11 ,First,#,广东省县级行政区_保留沿海县市_合并后,BOUNT_,-1,-1,海南省县级行政区_不含偏远岛礁,BOUNT_,-1,-1,广西省县级行政区_保留沿海县市_不含涠洲岛斜阳岛,BOUNT_,-1,-1;BOUNT_ID "BOUNT_ID" true true false 11 Double 0 11 ,First,#,广东省县级行政区_保留沿海县市_合并后,BOUNT_ID,-1,-1,海南省县级行政区_不含偏远岛礁,BOUNT_ID,-1,-1,广西省县级行政区_保留沿海县市_不含涠洲岛斜阳岛,BOUNT_ID,-1,-1;GBCODE "GBCODE" true true false 6 Text 0 0 ,First,#,广东省县级行政区_保留沿海县市_合并后,GBCODE,-1,-1,海南省县级行政区_不含偏远岛礁,GBCODE,-1,-1,广西省县级行政区_保留沿海县市_不含涠洲岛斜阳岛,GBCODE,-1,-1;ADCODE99 "ADCODE99" true true false 6 Text 0 0 ,First,#,广东省县级行政区_保留沿海县市_合并后,ADCODE99,-1,-1,海南省县级行政区_不含偏远岛礁,ADCODE99,-1,-1,广西省县级行政区_保留沿海县市_不含涠洲岛斜阳岛,ADCODE99,-1,-1;NAME99 "NAME99" true true false 40 Text 0 0 ,First,#,广东省县级行政区_保留沿海县市_合并后,NAME99,-1,-1,海南省县级行政区_不含偏远岛礁,NAME99,-1,-1,广西省县级行政区_保留沿海县市_不含涠洲岛斜阳岛,NAME99,-1,-1;SH2 "SH2" true true false 2 Text 0 0 ,First,#,广东省县级行政区_保留沿海县市_合并后,SH2,-1,-1,海南省县级行政区_不含偏远岛礁,SH2,-1,-1,广西省县级行政区_保留沿海县市_不含涠洲岛斜阳岛,SH2,-1,-1;DI2 "DI2" true true false 2 Text 0 0 ,First,#,广东省县级行政区_保留沿海县市_合并后,DI2,-1,-1,海南省县级行政区_不含偏远岛礁,DI2,-1,-1,广西省县级行政区_保留沿海县市_不含涠洲岛斜阳岛,DI2,-1,-1;X2 "X2" true true false 2 Text 0 0 ,First,#,广东省县级行政区_保留沿海县市_合并后,X2,-1,-1,海南省县级行政区_不含偏远岛礁,X2,-1,-1,广西省县级行政区_保留沿海县市_不含涠洲岛斜阳岛,X2,-1,-1;CENTROID_Y "CENTROID_Y" true true false 19 Double 15 18 ,First,#,广东省县级行政区_保留沿海县市_合并后,CENTROID_Y,-1,-1,海南省县级行政区_不含偏远岛礁,CENTROID_Y,-1,-1,广西省县级行政区_保留沿海县市_不含涠洲岛斜阳岛,CENTROID_Y,-1,-1;CENTROID_X "CENTROID_X" true true false 19 Double 15 18 ,First,#,广东省县级行政区_保留沿海县市_合并后,CENTROID_X,-1,-1,海南省县级行政区_不含偏远岛礁,CENTROID_X,-1,-1,广西省县级行政区_保留沿海县市_不含涠洲岛斜阳岛,CENTROID_X,-1,-1"</Process><Process ToolSource="C:\Program Files\ArcGIS\Desktop10.0\ArcToolbox\Toolboxes\Analysis Tools.tbx\Buffer" Date="20161013" Time="111755">Buffer 广东广西海南三省合并后all002 C:\Users\zlh\Documents\ArcGIS\Default.gdb\广东广西海南三省合并后all002_Buffer4 "20 NauticalMiles" OUTSIDE_ONLY ROUND NONE #</Process><Process ToolSource="C:\Program Files\ArcGIS\Desktop10.0\ArcToolbox\Toolboxes\Data Management Tools.tbx\PolygonToLine" Date="20161013" Time="122152">PolygonToLine 广东广西海南三省合并后all002_buffer20海里 E:\1011南海近岸海洋预报单元划分\广东广西海南三省合并后all002_buffer20海里_toLine.shp IDENTIFY_NEIGHBORS</Process><Process ToolSource="C:\Program Files\ArcGIS\Desktop10.0\ArcToolbox\Toolboxes\Data Management Tools.tbx\FeatureToPolygon" Date="20161013" Time="162704">FeatureToPolygon 南海区近岸预报范围_线002 C:\Users\zlh\Documents\ArcGIS\Default.gdb\南海区近岸预报范围_线002_FeatureToPoly # ATTRIBUTES #</Process><Process ToolSource="c:\program files (x86)\arcgis\desktop10.2\ArcToolbox\Toolboxes\Data Management Tools.tbx\CalculateField" Date="20170301" Time="145634">CalculateField 南海区预报范围 编号 [序号] VB #</Process><Process ToolSource="C:\Program Files (x86)\ArcGIS\Desktop10.0\ArcToolbox\Toolboxes\Data Management Tools.tbx\CalculateField" Date="20180130" Time="153114">CalculateField 南海区预报范围 ID [序号] VB #</Process><Process ToolSource="C:\Program Files (x86)\ArcGIS\Desktop10.0\ArcToolbox\Toolboxes\Data Management Tools.tbx\CalculateField" Date="20180130" Time="153124">CalculateField 南海区预报范围 Code [编号] VB #</Process><Process ToolSource="C:\Program Files (x86)\ArcGIS\Engine10.0\ArcToolbox\Toolboxes\Data Management Tools.tbx\DeleteField" Date="20180130" Time="153727">DeleteField 南海区预报范围 名称1;名称2;面积;中心X坐标;中心Y坐标;周长;序号;编号</Process></lineage><itemProps><itemName Sync="TRUE">南海区近岸预报范围_线002_FeatureToPoly</itemName><imsContentType Sync="TRUE">002</imsContentType><itemLocation><linkage Sync="TRUE">file://\\12-PC\F$\GIS_HYYJ\预报单元shp-曾丽红\南海区近岸预报范围1013复制</linkage><protocol Sync="TRUE">Local Area Network</protocol></itemLocation><itemSize Sync="TRUE">0.000</itemSize></itemProps><coordRef><type Sync="TRUE">Geographic</type><geogcsn Sync="TRUE">GCS_WGS_1984</geogcsn><peXml Sync="TRUE">&lt;GeographicCoordinateSystem xsi:type='typens:GeographicCoordinateSystem' xmlns:xsi='http://www.w3.org/2001/XMLSchema-instance' xmlns:xs='http://www.w3.org/2001/XMLSchema' xmlns:typens='http://www.esri.com/schemas/ArcGIS/10.0'&gt;&lt;WKT&gt;GEOGCS[&amp;quot;GCS_WGS_1984&amp;quot;,DATUM[&amp;quot;D_WGS_1984&amp;quot;,SPHEROID[&amp;quot;WGS_1984&amp;quot;,6378137.0,298.257223563]],PRIMEM[&amp;quot;Greenwich&amp;quot;,0.0],UNIT[&amp;quot;Degree&amp;quot;,0.0174532925199433],AUTHORITY[&amp;quot;EPSG&amp;quot;,4326]]&lt;/WKT&gt;&lt;XOrigin&gt;-399.99999999999989&lt;/XOrigin&gt;&lt;YOrigin&gt;-399.99999999999989&lt;/YOrigin&gt;&lt;XYScale&gt;1111948722.2222221&lt;/XYScale&gt;&lt;ZOrigin&gt;-100000&lt;/ZOrigin&gt;&lt;ZScale&gt;10000&lt;/ZScale&gt;&lt;MOrigin&gt;-100000&lt;/MOrigin&gt;&lt;MScale&gt;10000&lt;/MScale&gt;&lt;XYTolerance&gt;8.9831528411952133e-009&lt;/XYTolerance&gt;&lt;ZTolerance&gt;0.001&lt;/ZTolerance&gt;&lt;MTolerance&gt;0.001&lt;/MTolerance&gt;&lt;HighPrecision&gt;true&lt;/HighPrecision&gt;&lt;LeftLongitude&gt;-180&lt;/LeftLongitude&gt;&lt;WKID&gt;4326&lt;/WKID&gt;&lt;/GeographicCoordinateSystem&gt;</peXml></coordRef><copyHistory><copy source="F:\GIS_HYYJ\预报单元shp-曾丽红\南海区近岸预报范围1013" dest="\\12-PC\F$\GIS_HYYJ\预报单元shp-曾丽红\南海区近岸预报范围1013复制" date="20161201" time="11175400"></copy></copyHistory></DataProperties><SyncDate>20161013</SyncDate><SyncTime>16270100</SyncTime><ModDate>20161013</ModDate><ModTime>16270100</ModTime></Esri><dataIdInfo><envirDesc Sync="TRUE">Microsoft Windows Server 2008 R2 Version 6.1 (Build 7601) Service Pack 1; ESRI ArcGIS 10.0.0.2414</envirDesc><dataLang><languageCode value="zho" country="CHN"></languageCode></dataLang><idCitation><resTitle Sync="TRUE">南海区近岸预报范围_线002_FeatureToPoly</resTitle><presForm><PresFormCd value="005"></PresFormCd></presForm></idCitation><descKeys><thesaName uuidref="723f6998-058e-11dc-8314-0800200c9a66"></thesaName><keyword Sync="TRUE">002</keyword></descKeys><spatRpType><SpatRepTypCd value="001"></SpatRepTypCd></spatRpType></dataIdInfo><mdLang><languageCode value="zho"></languageCode></mdLang><distInfo><distFormat><formatName Sync="TRUE">File Geodatabase Feature Class</formatName></distFormat><distTranOps><transSize Sync="TRUE">0.000</transSize></distTranOps></distInfo><mdHrLv><ScopeCd value="005"></ScopeCd></mdHrLv><mdHrLvName Sync="TRUE">dataset</mdHrLvName><refSysInfo><RefSystem><refSysID><identCode code="4326"></identCode><idCodeSpace Sync="TRUE">EPSG</idCodeSpace><idVersion Sync="TRUE">7.4.1</idVersion></refSysID></RefSystem></refSysInfo><spdoinfo><ptvctinf><esriterm Name="南海区近岸预报范围_线002_FeatureToPoly"><efeatyp Sync="TRUE">Simple</efeatyp><efeageom Sync="TRUE">4</efeageom><esritopo Sync="TRUE">FALSE</esritopo><efeacnt Sync="TRUE">0</efeacnt><spindex Sync="TRUE">TRUE</spindex><linrefer Sync="TRUE">FALSE</linrefer></esriterm></ptvctinf></spdoinfo><spatRepInfo><VectSpatRep><topLvl><TopoLevCd value="001"></TopoLevCd></topLvl><geometObjs><geoObjTyp><GeoObjTypCd value="002"></GeoObjTypCd><geoObjCnt Sync="TRUE">0</geoObjCnt></geoObjTyp></geometObjs></VectSpatRep></spatRepInfo><eainfo><detailed Name="南海区近岸预报范围_线002_FeatureToPoly"><enttyp><enttypl Sync="TRUE">南海区近岸预报范围_线002_FeatureToPoly</enttypl><enttypt Sync="TRUE">Feature Class</enttypt><enttypc Sync="TRUE">0</enttypc></enttyp><attr><attrlabl Sync="TRUE">OBJECTID</attrlabl><attalias Sync="TRUE">OBJECTID</attalias><attrtype Sync="TRUE">OID</attrtype><attwidth Sync="TRUE">4</attwidth><atprecis Sync="TRUE">0</atprecis><attscale Sync="TRUE">0</attscale><attrdef Sync="TRUE">Internal feature number.</attrdef><attrdefs Sync="TRUE">ESRI</attrdefs><attrdomv><udom Sync="TRUE">Sequential unique whole numbers that are automatically generated.</udom></attrdomv></attr><attr><attrlabl Sync="TRUE">Shape</attrlabl><attalias Sync="TRUE">Shape</attalias><attrtype Sync="TRUE">Geometry</attrtype><attwidth Sync="TRUE">0</attwidth><atprecis Sync="TRUE">0</atprecis><attscale Sync="TRUE">0</attscale><attrdef Sync="TRUE">Feature geometry.</attrdef><attrdefs Sync="TRUE">ESRI</attrdefs><attrdomv><udom Sync="TRUE">Coordinates defining the features.</udom></attrdomv></attr><attr><attrlabl Sync="TRUE">Shape_Length</attrlabl><attalias Sync="TRUE">Shape_Length</attalias><attrtype Sync="TRUE">Double</attrtype><attwidth Sync="TRUE">8</attwidth><atprecis Sync="TRUE">0</atprecis><attscale Sync="TRUE">0</attscale><attrdef Sync="TRUE">Length of feature in internal units.</attrdef><attrdefs Sync="TRUE">ESRI</attrdefs><attrdomv><udom Sync="TRUE">Positive real numbers that are automatically generated.</udom></attrdomv></attr><attr><attrlabl Sync="TRUE">Shape_Area</attrlabl><attalias Sync="TRUE">Shape_Area</attalias><attrtype Sync="TRUE">Double</attrtype><attwidth Sync="TRUE">8</attwidth><atprecis Sync="TRUE">0</atprecis><attscale Sync="TRUE">0</attscale><attrdef Sync="TRUE">Area of feature in internal units squared.</attrdef><attrdefs Sync="TRUE">ESRI</attrdefs><attrdomv><udom Sync="TRUE">Positive real numbers that are automatically generated.</udom></attrdomv></attr></detailed></eainfo><mdDateSt Sync="TRUE">20161013</mdDateSt><mdChar><CharSetCd value="004"></CharSetCd></mdChar></metadata>
